review_id,date,reviewer,rating_1_5,title,body,replied
TP-1180,2026-05-31,Rhys,5,Avoid,Quote was cheaper than the incumbent by some way.,No
TP-994,2025-05-13,Freya Lowther,5,Avoid,Quote was cheaper than the incumbent by some way.,No
TP-1328,2025-10-14,Fatima Norbury,4,Mixed experience,Switched our sites and the savings matched the quote.,No
TP-810,2025-05-02,Rhys,2,Transparent pricing,Support took days to reply.,No
TP-1333,2026-05-03,Priya Ottershaw,4,Transparent pricing,Quote was cheaper than the incumbent by some way.,No
TP-1320,2025-08-28,Emily from Redwing Glassworks Holdings,2,Slow support,Switched our sites and the savings matched the quote.,Yes
TP-1140,2025-02-08,Dev Jarrow,5,Great for our sites,Our broker recommended tem and it has been solid.,No
TP-925,2026-07-12,Craig,3,Billing woes,Switched our sites and the savings matched the quote.,No
TP-820,2025-01-09,Gareth from Norbury Veterinary,3,Refreshing energy supplier,Left after our contract ended - renewal offer was late.,No
TP-1168,2025-10-15,Nadia Kelbrook,4,Mixed experience,Support took days to reply.,No
TP-1261,2025-12-29,Tara from Tredegar Hotels Group,2,Billing woes,Switched our sites and the savings matched the quote.,No
TP-1138,2026-05-07,Ewan from Ashcombe Padel,3,Transparent pricing,"Renewal was painless, rate came in lower.",Yes
TP-959,2026-01-03,Holly Oakhurst,5,Avoid,Had a billing dispute that dragged on for weeks.,No
TP-969,2026-08-21,Jack from Thackery Precision Group,5,Transparent pricing,Portal needs work but the pricing is honest.,No
TP-908,2025-07-28,Nadia Gilded,2,Slow support,Switched our sites and the savings matched the quote.,Yes
TP-992,2025-03-27,Kirsty,1,Transparent pricing,Support took days to reply.,No
TP-1183,2025-01-10,Ewan,3,Brilliant onboarding,Our broker recommended tem and it has been solid.,No
TP-939,2026-03-25,Lucy from Summerton Coachworks Group,2,Avoid,Switched our sites and the savings matched the quote.,Yes
TP-951,2025-12-01,Sarah from Bluewater Aggregates,4,Refreshing energy supplier,Switched our sites and the savings matched the quote.,No
TP-1264,2025-11-10,Anita Riverbank,4,Genuinely cheaper,Had a billing dispute that dragged on for weeks.,No
TP-1035,2025-09-25,Craig,1,Brilliant onboarding,"Renewal was painless, rate came in lower.",Yes
TP-1274,2026-01-11,Gareth Lighthouse,4,Billing woes,Portal needs work but the pricing is honest.,Yes
TP-1349,2026-03-10,Noel from Kestrel Nurseries Group,2,Billing woes,Support took days to reply.,No
TP-1314,2025-08-17,Noel Umberside,4,Brilliant onboarding,Support took days to reply.,Yes
TP-1359,2026-05-31,Sarah from Hollybush Hotels,4,Brilliant onboarding,Quote was cheaper than the incumbent by some way.,Yes
TP-1336,2025-04-01,Fatima,3,Refreshing energy supplier,Had a billing dispute that dragged on for weeks.,Yes
TP-921,2026-03-16,Sarah,5,Mixed experience,"Renewal was painless, rate came in lower.",No
TP-883,2025-01-25,Tara,3,Mixed experience,Support took days to reply.,No
TP-844,2026-07-24,Grace,2,Brilliant onboarding,"Renewal was painless, rate came in lower.",No
TP-814,2026-03-25,Holly,3,Refreshing energy supplier,Switched our sites and the savings matched the quote.,Yes
TP-1190,2025-09-08,Noel from Bexley Farm Foods Holdings,4,Billing woes,Switched our sites and the savings matched the quote.,No
TP-967,2025-07-09,Grace Silverbeck,4,Brilliant onboarding,Left after our contract ended - renewal offer was late.,Yes
TP-1304,2025-05-26,Anita,5,Great for our sites,Left after our contract ended - renewal offer was late.,Yes
TP-960,2025-08-15,Craig from Dunmore Retail Holdings,5,Refreshing energy supplier,Portal needs work but the pricing is honest.,Yes
TP-1358,2026-05-04,Zara from Whitethorn Galvanising (UK),3,Great for our sites,Portal needs work but the pricing is honest.,No
TP-834,2025-06-06,Freya,3,Mixed experience,Left after our contract ended - renewal offer was late.,No
TP-1120,2026-02-25,Ryan,5,Mixed experience,Left after our contract ended - renewal offer was late.,No
TP-1087,2025-05-07,Stefan Zetland,5,Avoid,Portal needs work but the pricing is honest.,No
TP-1023,2026-04-24,Daniel Oakhurst,5,Avoid,Had a billing dispute that dragged on for weeks.,No
TP-1348,2025-05-07,Nia,4,Billing woes,"Renewal was painless, rate came in lower.",Yes
TP-1002,2025-08-03,Priya Tanfield,4,Great for our sites,Quote was cheaper than the incumbent by some way.,No
TP-1078,2025-01-14,Aisha Lowther,1,Transparent pricing,Portal needs work but the pricing is honest.,Yes
TP-1277,2026-06-28,Chloe Violetta,4,Avoid,Quote was cheaper than the incumbent by some way.,Yes
TP-1253,2026-08-17,Daniel Cedar,4,Billing woes,"Renewal was painless, rate came in lower.",Yes
TP-1036,2025-04-25,Omar Hatherley,4,Slow support,Portal needs work but the pricing is honest.,Yes
TP-1158,2025-05-27,Nadia from Eastbrook Bakehouse Holdings,4,Genuinely cheaper,Our broker recommended tem and it has been solid.,No
TP-996,2026-01-26,Aisha Denholm,1,Billing woes,Portal needs work but the pricing is honest.,No
TP-1194,2025-11-17,Emily from Cobalt Cold Storage Co,2,Genuinely cheaper,Our broker recommended tem and it has been solid.,Yes
TP-922,2025-10-04,Anita,4,Transparent pricing,Support took days to reply.,Yes
TP-1200,2026-02-28,Nadia Caldwell,2,Mixed experience,Switched our sites and the savings matched the quote.,No
TP-830,2026-01-29,Gareth,3,Slow support,Had a billing dispute that dragged on for weeks.,Yes
TP-1121,2025-09-18,Dev,5,Billing woes,Had a billing dispute that dragged on for weeks.,Yes
TP-1254,2025-07-11,Nadia from Stanhope Milling Group,4,Brilliant onboarding,Switched our sites and the savings matched the quote.,Yes
TP-1298,2025-01-24,Sarah,2,Slow support,Left after our contract ended - renewal offer was late.,No
TP-914,2026-08-24,Megan,3,Slow support,Portal needs work but the pricing is honest.,Yes
TP-808,2026-01-22,Omar,2,Great for our sites,Quote was cheaper than the incumbent by some way.,No
TP-1031,2025-09-18,Craig from Yewtree Leisure,4,Billing woes,Support took days to reply.,Yes
TP-1068,2025-04-20,Ryan from Umberside Marine,5,Refreshing energy supplier,Support took days to reply.,No
TP-870,2025-04-21,Chloe,4,Refreshing energy supplier,Portal needs work but the pricing is honest.,No
TP-1207,2025-10-30,Lewis Ingleby,5,Refreshing energy supplier,Left after our contract ended - renewal offer was late.,No
TP-833,2026-07-04,Grace Riverbank,2,Avoid,"Renewal was painless, rate came in lower.",No
TP-1224,2026-03-24,Ryan from Norbury Joinery (UK),4,Slow support,Portal needs work but the pricing is honest.,No
TP-864,2026-05-23,Amber Lowther,2,Avoid,Left after our contract ended - renewal offer was late.,No
TP-981,2026-05-14,Noel Fernhill,3,Transparent pricing,Left after our contract ended - renewal offer was late.,Yes
TP-843,2026-04-26,Holly,5,Brilliant onboarding,Quote was cheaper than the incumbent by some way.,Yes
TP-1308,2025-03-26,Dev from Nettlebed Ice Cream,5,Mixed experience,Had a billing dispute that dragged on for weeks.,No
TP-1319,2025-06-20,Sanjay,3,Mixed experience,"Renewal was painless, rate came in lower.",Yes
TP-1082,2025-04-12,Jack,5,Transparent pricing,Support took days to reply.,No
TP-1103,2026-05-08,Tom from Marlow Joinery & Sons,4,Slow support,"Renewal was painless, rate came in lower.",No
TP-1334,2025-11-12,Daniel Padstow,1,Refreshing energy supplier,Quote was cheaper than the incumbent by some way.,Yes
TP-1335,2026-06-23,Emily from Applegarth Cold Storage,1,Slow support,Support took days to reply.,No
TP-911,2025-05-12,Anita,5,Mixed experience,"Renewal was painless, rate came in lower.",No
TP-1096,2025-08-17,Zara from Hatherley Farm Foods Partners,4,Great for our sites,Support took days to reply.,No
TP-1003,2026-06-17,Callum,4,Mixed experience,Support took days to reply.,Yes
TP-1014,2026-04-09,Tara Pennine,5,Billing woes,Had a billing dispute that dragged on for weeks.,No
TP-1212,2025-03-19,Ben Kingsmead,3,Refreshing energy supplier,Had a billing dispute that dragged on for weeks.,Yes
TP-1018,2025-12-11,Ryan Thackery,4,Avoid,Left after our contract ended - renewal offer was late.,No
TP-1201,2026-06-01,Rhys Foxglove,2,Refreshing energy supplier,"Renewal was painless, rate came in lower.",No
TP-805,2026-07-31,Sanjay,4,Genuinely cheaper,Left after our contract ended - renewal offer was late.,No
TP-1231,2026-03-05,Sanjay Birchmoor,5,Transparent pricing,Portal needs work but the pricing is honest.,Yes
TP-881,2026-04-11,Daniel Merrivale,3,Billing woes,Quote was cheaper than the incumbent by some way.,No
TP-980,2026-01-01,Emily Ellerton,5,Billing woes,"Renewal was painless, rate came in lower.",Yes
TP-891,2026-07-11,Rhys Quayside,4,Slow support,Our broker recommended tem and it has been solid.,No
TP-1071,2026-04-21,Rhys from Northgate Padel Partners,3,Mixed experience,Support took days to reply.,No
TP-1235,2026-03-29,Aisha,2,Great for our sites,"Renewal was painless, rate came in lower.",No
TP-1144,2025-08-05,Sanjay,2,Refreshing energy supplier,Quote was cheaper than the incumbent by some way.,No
TP-1236,2025-06-19,Dev from Quenington Forge,3,Billing woes,Had a billing dispute that dragged on for weeks.,Yes
TP-1100,2026-03-10,Peter,5,Billing woes,Quote was cheaper than the incumbent by some way.,No
TP-1191,2025-10-15,Tom Quenington,3,Brilliant onboarding,Support took days to reply.,Yes
TP-1065,2026-08-30,Callum,2,Avoid,Quote was cheaper than the incumbent by some way.,No
TP-1213,2025-01-13,Lucy from Whitethorn Farm Foods,3,Slow support,Had a billing dispute that dragged on for weeks.,No
TP-913,2025-07-17,Lucy Vantage,3,Great for our sites,Switched our sites and the savings matched the quote.,Yes
TP-1193,2025-10-05,Holly,4,Avoid,"Renewal was painless, rate came in lower.",No
TP-1025,2025-12-20,Tara Selworthy,2,Slow support,Left after our contract ended - renewal offer was late.,No
TP-1059,2026-02-27,Omar Hatherley,4,Mixed experience,Left after our contract ended - renewal offer was late.,Yes
TP-1341,2025-02-25,Chloe from Zetland Bookbinders,4,Brilliant onboarding,Left after our contract ended - renewal offer was late.,Yes
TP-1174,2025-01-31,Gareth from Ashcombe Restaurants Holdings,4,Slow support,Had a billing dispute that dragged on for weeks.,No
TP-1021,2026-07-20,Marcus Stanhope,2,Transparent pricing,Support took days to reply.,No
TP-979,2026-03-28,Oliver Yewtree,2,Great for our sites,"Renewal was painless, rate came in lower.",No
TP-928,2026-06-12,Gareth,4,Billing woes,Support took days to reply.,No
TP-1004,2025-10-22,Aisha,4,Brilliant onboarding,Quote was cheaper than the incumbent by some way.,No
TP-1246,2025-05-08,Holly,3,Mixed experience,Our broker recommended tem and it has been solid.,No
TP-1257,2025-11-17,Chloe Zephyr,3,Billing woes,Our broker recommended tem and it has been solid.,No
TP-1151,2026-06-25,Paula,3,Genuinely cheaper,Support took days to reply.,Yes
TP-847,2026-06-20,Zara,3,Billing woes,"Renewal was painless, rate came in lower.",Yes
TP-1070,2026-03-25,Tom,3,Great for our sites,Portal needs work but the pricing is honest.,Yes
TP-1037,2025-01-20,Megan Westcliff,3,Mixed experience,Our broker recommended tem and it has been solid.,No
TP-973,2025-03-12,Holly from Thackery Distillery,4,Refreshing energy supplier,Our broker recommended tem and it has been solid.,No
TP-999,2025-04-11,Peter,5,Mixed experience,Quote was cheaper than the incumbent by some way.,Yes
TP-802,2025-09-19,Grace,5,Slow support,Quote was cheaper than the incumbent by some way.,Yes
TP-867,2026-01-25,Jack from Langmere Motors Co,5,Brilliant onboarding,Our broker recommended tem and it has been solid.,No
TP-1337,2025-02-03,Sanjay,3,Mixed experience,Portal needs work but the pricing is honest.,Yes
TP-1012,2026-01-02,Oliver,3,Refreshing energy supplier,Quote was cheaper than the incumbent by some way.,Yes
TP-1255,2026-09-01,Omar,5,Avoid,Our broker recommended tem and it has been solid.,Yes
TP-1177,2026-03-05,Lewis from Northgate Data Rooms & Sons,4,Slow support,Our broker recommended tem and it has been solid.,No
TP-1077,2025-11-04,Freya,3,Great for our sites,"Renewal was painless, rate came in lower.",No
TP-1056,2025-03-11,Tom from Northgate Seafoods Holdings,3,Brilliant onboarding,Had a billing dispute that dragged on for weeks.,No
TP-1032,2025-11-12,Nia from Langmere Studios (UK),1,Mixed experience,Left after our contract ended - renewal offer was late.,No
TP-971,2025-10-18,Stefan Verity,5,Refreshing energy supplier,Our broker recommended tem and it has been solid.,Yes
TP-823,2026-01-18,Emily Applegarth,5,Refreshing energy supplier,Portal needs work but the pricing is honest.,Yes
TP-1053,2025-06-02,Nia from Ivybridge Textiles (UK),3,Avoid,Quote was cheaper than the incumbent by some way.,No
TP-1095,2026-06-01,Fatima,1,Transparent pricing,Portal needs work but the pricing is honest.,Yes
TP-1209,2025-07-27,Lucy from Whitethorn Roofing (UK),4,Mixed experience,Left after our contract ended - renewal offer was late.,Yes
TP-1105,2025-06-30,Gareth from Riverbank Maltings,1,Avoid,Quote was cheaper than the incumbent by some way.,No
TP-862,2025-05-30,Rhys Denholm,3,Refreshing energy supplier,Portal needs work but the pricing is honest.,No
TP-1005,2025-10-31,Fatima Maplin,3,Transparent pricing,Support took days to reply.,No
TP-1184,2026-03-26,Gareth from Farrier Nurseries & Sons,4,Slow support,Support took days to reply.,No
TP-1089,2026-06-18,Anita,5,Brilliant onboarding,Had a billing dispute that dragged on for weeks.,No
TP-1039,2026-06-01,Ben from Marlow Laundry Partners,4,Billing woes,Our broker recommended tem and it has been solid.,No
TP-1208,2026-01-16,Daniel Saltmarsh,1,Brilliant onboarding,Support took days to reply.,No
TP-936,2025-03-18,Tara from Whitethorn Packaging,2,Slow support,Portal needs work but the pricing is honest.,No
TP-1189,2025-07-24,Fatima from Westcliff Cinemas Co,3,Genuinely cheaper,Left after our contract ended - renewal offer was late.,Yes
TP-982,2026-01-25,Lewis,4,Avoid,"Renewal was painless, rate came in lower.",Yes
TP-1083,2026-08-08,Anita Northgate,4,Genuinely cheaper,Switched our sites and the savings matched the quote.,Yes
TP-809,2025-09-23,Craig,4,Avoid,Support took days to reply.,Yes
TP-1156,2025-08-14,Rhys from Marlow Tanning & Sons,3,Brilliant onboarding,Had a billing dispute that dragged on for weeks.,Yes
TP-924,2025-07-24,Oliver from Ivybridge Catering,3,Refreshing energy supplier,Switched our sites and the savings matched the quote.,No
TP-1020,2025-01-17,Lewis from Norbury Optics Partners,4,Refreshing energy supplier,"Renewal was painless, rate came in lower.",No
TP-1330,2025-06-05,Nia from Thackery Pharmacy Partners,3,Transparent pricing,Had a billing dispute that dragged on for weeks.,Yes
TP-1187,2025-10-03,Tara from Quayside Care,2,Billing woes,Support took days to reply.,No
TP-1347,2025-08-25,Lucy,4,Transparent pricing,Quote was cheaper than the incumbent by some way.,No
TP-909,2025-12-18,Rhys,4,Brilliant onboarding,Portal needs work but the pricing is honest.,Yes
TP-1050,2026-08-28,Ewan from Millpond Leisure (UK),4,Great for our sites,Support took days to reply.,No
TP-878,2026-08-26,Gareth from Quarrington Distillery Partners,2,Brilliant onboarding,Left after our contract ended - renewal offer was late.,No
TP-1338,2026-03-02,Ben from Elmwood Plastics Holdings,2,Avoid,Our broker recommended tem and it has been solid.,No
TP-1091,2025-02-13,Ben from Jarrow Catering & Sons,1,Refreshing energy supplier,Had a billing dispute that dragged on for weeks.,No
TP-958,2025-05-07,Amber,4,Mixed experience,Portal needs work but the pricing is honest.,No
TP-800,2025-12-30,Daniel,3,Mixed experience,Switched our sites and the savings matched the quote.,No
TP-1094,2025-02-03,Lucy from Tanfield Fabrications,1,Avoid,Left after our contract ended - renewal offer was late.,No
TP-892,2025-12-15,Iona Bramble,5,Great for our sites,"Renewal was painless, rate came in lower.",Yes
TP-1293,2025-08-30,Gareth,4,Avoid,"Renewal was painless, rate came in lower.",No
TP-1043,2025-07-31,Holly,1,Mixed experience,Left after our contract ended - renewal offer was late.,No
TP-1097,2025-07-27,Holly from Farrier Scaffolding,3,Brilliant onboarding,Had a billing dispute that dragged on for weeks.,No
TP-813,2025-06-25,Freya from Northgate Maltings,4,Avoid,"Renewal was painless, rate came in lower.",No
TP-1164,2025-06-01,James from Wrenfield Aggregates Partners,3,Slow support,Quote was cheaper than the incumbent by some way.,Yes
TP-1108,2025-06-15,Grace from Bexley Ice Cream,2,Genuinely cheaper,"Renewal was painless, rate came in lower.",No
TP-832,2026-07-02,Sarah from Norbury Timber,1,Slow support,"Renewal was painless, rate came in lower.",Yes
TP-1238,2025-06-18,Rhys from Saltmarsh Care Partners,4,Transparent pricing,Switched our sites and the savings matched the quote.,No
TP-1220,2026-08-11,Lucy Redwing,5,Refreshing energy supplier,Left after our contract ended - renewal offer was late.,Yes
TP-1281,2025-08-16,Omar Silverbeck,2,Slow support,Portal needs work but the pricing is honest.,Yes
TP-1178,2025-06-03,Callum from Kingsmead Distillery & Sons,5,Brilliant onboarding,Quote was cheaper than the incumbent by some way.,Yes
TP-1252,2025-05-27,Nia from Gilded Foundry (UK),4,Billing woes,Switched our sites and the savings matched the quote.,No
TP-1197,2026-02-07,James,2,Mixed experience,Our broker recommended tem and it has been solid.,No
TP-821,2025-08-13,Craig Bluewater,3,Slow support,Portal needs work but the pricing is honest.,No
TP-1225,2026-08-23,Tom from Farrier Cinemas (UK),3,Avoid,"Renewal was painless, rate came in lower.",No
TP-1286,2025-07-07,Zara from Selworthy Distillery (UK),2,Transparent pricing,Support took days to reply.,Yes
TP-825,2025-05-07,Nadia from Eastbrook Retail Partners,5,Refreshing energy supplier,Our broker recommended tem and it has been solid.,No
TP-1173,2026-03-09,Nia,1,Genuinely cheaper,Had a billing dispute that dragged on for weeks.,No
TP-1092,2025-05-29,Aisha from Bramble Tanning Co,5,Refreshing energy supplier,Switched our sites and the savings matched the quote.,Yes
TP-1041,2026-01-15,Callum from Harborne Studios & Sons,5,Genuinely cheaper,Quote was cheaper than the incumbent by some way.,Yes
TP-1162,2026-06-28,Craig from Quarrington Recycling,5,Refreshing energy supplier,Support took days to reply.,No
TP-1142,2025-03-20,Dev,4,Slow support,Support took days to reply.,Yes
TP-964,2025-02-13,Ewan Northgate,2,Slow support,"Renewal was painless, rate came in lower.",Yes
TP-956,2025-12-22,Jack from Garwood Gym Group,2,Brilliant onboarding,Support took days to reply.,No
TP-1114,2025-07-02,Amber Jespersen,5,Great for our sites,Quote was cheaper than the incumbent by some way.,Yes
TP-1192,2025-10-12,Kirsty,1,Avoid,Support took days to reply.,Yes
TP-901,2025-08-15,Chloe from Yewtree Bakehouse Co,4,Brilliant onboarding,Left after our contract ended - renewal offer was late.,No
TP-926,2025-05-20,Gareth from Hatherley Optics,4,Transparent pricing,Switched our sites and the savings matched the quote.,No
TP-1259,2026-08-02,Amber,1,Genuinely cheaper,Left after our contract ended - renewal offer was late.,Yes
TP-1323,2026-02-23,Jack,4,Genuinely cheaper,Had a billing dispute that dragged on for weeks.,No
TP-1233,2025-11-03,Omar,3,Billing woes,Support took days to reply.,Yes
TP-1119,2025-06-09,Ryan,5,Mixed experience,Had a billing dispute that dragged on for weeks.,No
TP-916,2025-05-19,Rhys Rosedale,4,Avoid,Switched our sites and the savings matched the quote.,Yes
TP-1048,2025-07-02,Freya from Jespersen Print,2,Mixed experience,"Renewal was painless, rate came in lower.",No
TP-885,2026-05-08,Amber,4,Avoid,Left after our contract ended - renewal offer was late.,Yes
TP-1086,2026-03-13,Noel from Cranleigh Milling,1,Brilliant onboarding,Our broker recommended tem and it has been solid.,No
TP-1313,2025-08-27,Grace Merrivale,3,Mixed experience,Left after our contract ended - renewal offer was late.,Yes
TP-1240,2025-04-22,Lewis from Westcliff Padel (UK),4,Transparent pricing,Quote was cheaper than the incumbent by some way.,Yes
TP-1270,2025-10-01,Ryan,1,Genuinely cheaper,Left after our contract ended - renewal offer was late.,No
TP-1061,2026-05-31,Nia,3,Brilliant onboarding,Had a billing dispute that dragged on for weeks.,No
TP-1241,2026-07-11,Emily Nettlebed,4,Mixed experience,Support took days to reply.,No
TP-839,2026-06-29,Peter Marlow,4,Avoid,Had a billing dispute that dragged on for weeks.,No
TP-987,2025-06-25,James,3,Billing woes,Quote was cheaper than the incumbent by some way.,No
TP-1346,2025-11-08,Sanjay,2,Billing woes,"Renewal was painless, rate came in lower.",No
TP-803,2025-11-03,James Bluewater,4,Genuinely cheaper,"Renewal was painless, rate came in lower.",No
TP-1075,2026-01-27,Rhys Tanfield,1,Mixed experience,Left after our contract ended - renewal offer was late.,No
TP-927,2025-09-02,Daniel,4,Billing woes,"Renewal was painless, rate came in lower.",No
TP-1294,2025-01-25,Rhys from Larkspur Cold Storage Group,4,Billing woes,Our broker recommended tem and it has been solid.,No
TP-876,2025-07-25,Oliver from Farrier Bookbinders Holdings,5,Billing woes,Portal needs work but the pricing is honest.,Yes
TP-855,2025-07-19,Aisha from Harborne Timber,3,Great for our sites,Quote was cheaper than the incumbent by some way.,No
TP-1239,2026-04-09,Peter from Tredegar Breweries,2,Billing woes,Our broker recommended tem and it has been solid.,Yes
TP-1325,2026-03-11,Zara Cobalt,2,Genuinely cheaper,Switched our sites and the savings matched the quote.,No
TP-986,2026-06-02,Sanjay Ravenscar,3,Brilliant onboarding,Switched our sites and the savings matched the quote.,No
TP-1134,2025-07-16,Paula Yarrow,3,Billing woes,Left after our contract ended - renewal offer was late.,No
TP-1024,2026-07-23,Nadia Zephyr,3,Genuinely cheaper,Had a billing dispute that dragged on for weeks.,Yes
TP-1202,2025-03-24,Ben from Tanfield Catering,1,Billing woes,Had a billing dispute that dragged on for weeks.,No
TP-1098,2026-07-03,Sanjay,5,Avoid,Switched our sites and the savings matched the quote.,No
TP-1145,2025-10-12,Daniel Ravenscar,2,Slow support,Switched our sites and the savings matched the quote.,Yes
TP-1247,2025-10-24,Sarah Quarrington,3,Brilliant onboarding,Support took days to reply.,No
TP-1063,2026-03-11,Fatima from Kestrel Aquatics,5,Great for our sites,"Renewal was painless, rate came in lower.",No
TP-1136,2025-10-03,James Torque,4,Mixed experience,"Renewal was painless, rate came in lower.",No
TP-1123,2026-07-30,Tara from Yewtree Dairy,4,Refreshing energy supplier,Had a billing dispute that dragged on for weeks.,No
TP-946,2025-07-03,Peter,1,Avoid,Quote was cheaper than the incumbent by some way.,No
TP-1015,2025-01-21,Tom from Cranleigh Padel Holdings,4,Slow support,Switched our sites and the savings matched the quote.,Yes
TP-1016,2025-04-01,Nadia,4,Brilliant onboarding,Quote was cheaper than the incumbent by some way.,No
TP-811,2026-02-22,Aisha,3,Refreshing energy supplier,Our broker recommended tem and it has been solid.,Yes
TP-993,2026-06-26,Ewan,3,Avoid,Quote was cheaper than the incumbent by some way.,No
TP-1113,2025-07-16,Iona Cranleigh,3,Genuinely cheaper,Portal needs work but the pricing is honest.,Yes
TP-1028,2025-08-16,Marcus,1,Avoid,Had a billing dispute that dragged on for weeks.,No
TP-1340,2026-01-11,Dev Tredegar,2,Avoid,Switched our sites and the savings matched the quote.,No
TP-1327,2026-03-14,Priya from Whitethorn Cold Storage,3,Refreshing energy supplier,Quote was cheaper than the incumbent by some way.,Yes
TP-1352,2026-05-17,Jack Ironbridge,2,Refreshing energy supplier,Had a billing dispute that dragged on for weeks.,Yes
TP-989,2025-05-16,Sarah Elmwood,3,Brilliant onboarding,Our broker recommended tem and it has been solid.,No
TP-886,2025-09-03,Callum,5,Refreshing energy supplier,Support took days to reply.,Yes
TP-941,2025-03-08,Ryan Umberside,2,Transparent pricing,Support took days to reply.,Yes
TP-953,2025-09-09,Nia from Elmwood Upholstery Partners,4,Billing woes,"Renewal was painless, rate came in lower.",No
TP-1154,2026-06-30,Tara from Nettlebed Leisure,2,Transparent pricing,Had a billing dispute that dragged on for weeks.,No
TP-848,2026-04-22,Noel from Bexley Engineering Partners,4,Avoid,Our broker recommended tem and it has been solid.,No
TP-954,2025-06-28,Kirsty,4,Brilliant onboarding,Support took days to reply.,No
TP-1318,2026-06-09,Priya Orchard,2,Billing woes,Our broker recommended tem and it has been solid.,No
TP-812,2026-07-16,Oliver from Applegarth Schools,2,Avoid,Switched our sites and the savings matched the quote.,Yes
TP-1214,2025-12-15,Kirsty,5,Refreshing energy supplier,Quote was cheaper than the incumbent by some way.,No
TP-827,2025-07-23,Lucy from Garwood Farm Foods Co,3,Mixed experience,Support took days to reply.,No
TP-961,2025-08-15,Peter,5,Genuinely cheaper,Support took days to reply.,Yes
TP-1272,2025-11-02,Callum,3,Transparent pricing,Portal needs work but the pricing is honest.,Yes
TP-1150,2026-05-13,Amber from Ironbridge Logistics,3,Mixed experience,"Renewal was painless, rate came in lower.",No
TP-919,2025-05-04,Sarah Eastbrook,2,Brilliant onboarding,Portal needs work but the pricing is honest.,No
TP-1126,2026-07-23,Nadia,3,Refreshing energy supplier,Left after our contract ended - renewal offer was late.,Yes
TP-1295,2026-02-18,Lewis Bluewater,2,Avoid,Portal needs work but the pricing is honest.,No
TP-840,2025-12-02,Megan,2,Great for our sites,Left after our contract ended - renewal offer was late.,Yes
TP-1331,2025-02-20,Emily Eastbrook,2,Genuinely cheaper,"Renewal was painless, rate came in lower.",No
TP-1249,2026-02-18,Sanjay,1,Billing woes,Support took days to reply.,No
TP-1153,2026-07-07,Ben Ravenscar,4,Slow support,Our broker recommended tem and it has been solid.,Yes
TP-1076,2026-05-16,Dev,5,Slow support,Had a billing dispute that dragged on for weeks.,Yes
TP-1251,2025-04-19,Grace,2,Brilliant onboarding,Had a billing dispute that dragged on for weeks.,No
TP-1299,2025-04-08,Gareth Hatherley,3,Slow support,Support took days to reply.,No
TP-1067,2025-07-15,Tara,3,Great for our sites,Switched our sites and the savings matched the quote.,Yes
TP-815,2025-11-01,Rhys Saltmarsh,3,Genuinely cheaper,Had a billing dispute that dragged on for weeks.,Yes
TP-972,2026-08-29,Ben Hollybush,1,Slow support,Switched our sites and the savings matched the quote.,No
TP-955,2025-12-21,Stefan,4,Genuinely cheaper,"Renewal was painless, rate came in lower.",No
TP-962,2025-06-10,Ben,2,Brilliant onboarding,Quote was cheaper than the incumbent by some way.,Yes
TP-1107,2025-03-17,Dev,4,Genuinely cheaper,Portal needs work but the pricing is honest.,No
TP-1118,2025-07-11,Rhys,5,Refreshing energy supplier,Our broker recommended tem and it has been solid.,Yes
TP-849,2026-05-23,James Atlas,3,Genuinely cheaper,Switched our sites and the savings matched the quote.,No
TP-806,2025-09-23,Dev,3,Billing woes,"Renewal was painless, rate came in lower.",No
TP-1226,2025-02-11,Peter,3,Transparent pricing,Quote was cheaper than the incumbent by some way.,Yes
TP-896,2025-02-25,Marcus from Ellerton Milling,4,Slow support,Our broker recommended tem and it has been solid.,No
TP-977,2026-05-14,Sanjay from Bramble Garden Partners,2,Great for our sites,Left after our contract ended - renewal offer was late.,No
TP-1022,2026-08-23,Callum Redwing,4,Mixed experience,Support took days to reply.,Yes
TP-1297,2025-10-21,Holly Ellerton,4,Great for our sites,Switched our sites and the savings matched the quote.,No
TP-1258,2025-04-30,Craig,5,Mixed experience,Support took days to reply.,No
TP-1326,2025-08-17,Peter,3,Refreshing energy supplier,Had a billing dispute that dragged on for weeks.,Yes
TP-1079,2025-10-30,Noel from Jarrow Foundry Holdings,2,Billing woes,Our broker recommended tem and it has been solid.,No
TP-1245,2025-09-20,Tara Nettlebed,4,Brilliant onboarding,"Renewal was painless, rate came in lower.",No
TP-1271,2025-12-27,James Yewtree,4,Slow support,Switched our sites and the savings matched the quote.,No
TP-1167,2025-06-13,Amber from Torque Maltings Co,3,Mixed experience,"Renewal was painless, rate came in lower.",Yes
TP-1345,2026-02-25,Aisha Quenington,3,Refreshing energy supplier,"Renewal was painless, rate came in lower.",No
TP-822,2025-04-09,Freya,3,Transparent pricing,Had a billing dispute that dragged on for weeks.,Yes
TP-1141,2025-02-15,Craig,3,Avoid,Left after our contract ended - renewal offer was late.,No
TP-1062,2025-02-11,Dev,5,Refreshing energy supplier,Quote was cheaper than the incumbent by some way.,Yes
TP-1009,2025-09-03,Ewan,5,Billing woes,"Renewal was painless, rate came in lower.",Yes
TP-857,2026-03-27,Kirsty,5,Genuinely cheaper,Had a billing dispute that dragged on for weeks.,Yes
TP-1052,2026-05-19,Gareth,3,Billing woes,"Renewal was painless, rate came in lower.",No
TP-1316,2026-01-10,Iona,1,Slow support,Had a billing dispute that dragged on for weeks.,No
TP-975,2025-04-02,Fatima,3,Refreshing energy supplier,Portal needs work but the pricing is honest.,Yes
TP-970,2025-05-12,Emily,2,Mixed experience,Had a billing dispute that dragged on for weeks.,Yes
TP-1147,2025-11-03,Emily from Yewtree Garden,4,Genuinely cheaper,Switched our sites and the savings matched the quote.,Yes
TP-887,2026-02-02,James from Yewtree Plastics Holdings,5,Transparent pricing,Support took days to reply.,No
TP-842,2026-02-10,Marcus from Pennine Offices,3,Slow support,Support took days to reply.,Yes
TP-952,2025-09-10,Stefan,5,Billing woes,Support took days to reply.,Yes
TP-988,2025-07-17,Tara Whitethorn,2,Slow support,Support took days to reply.,No
TP-1276,2025-12-03,Anita Westcliff,2,Great for our sites,Support took days to reply.,No
TP-1127,2026-03-10,Lucy Pemberley,4,Avoid,Support took days to reply.,Yes
TP-903,2026-04-22,Rhys from Zephyr Recycling Co,4,Billing woes,Left after our contract ended - renewal offer was late.,No
TP-1013,2025-09-04,Nadia from Bluewater Scaffolding Group,3,Transparent pricing,Had a billing dispute that dragged on for weeks.,No
TP-1309,2025-07-12,Noel Pennine,3,Slow support,Our broker recommended tem and it has been solid.,No
TP-1273,2025-02-14,James Westcliff,4,Transparent pricing,Quote was cheaper than the incumbent by some way.,No
TP-1169,2025-08-20,Oliver Stanhope,5,Refreshing energy supplier,Quote was cheaper than the incumbent by some way.,Yes
TP-1001,2025-02-24,Priya,2,Refreshing energy supplier,"Renewal was painless, rate came in lower.",No
TP-877,2025-11-17,Lewis from Tanfield Coachworks & Sons,1,Avoid,Left after our contract ended - renewal offer was late.,No
TP-1204,2026-07-19,Rhys from Fernhill Care Holdings,5,Transparent pricing,Switched our sites and the savings matched the quote.,No
TP-1131,2025-11-12,Marcus from Bexley Recycling & Sons,2,Billing woes,Portal needs work but the pricing is honest.,No
TP-1289,2025-08-22,Zara Padstow,2,Genuinely cheaper,Our broker recommended tem and it has been solid.,No
TP-1008,2025-08-05,Iona from Silverbeck Ice Cream,3,Brilliant onboarding,Had a billing dispute that dragged on for weeks.,No
TP-1285,2026-06-01,Stefan,5,Billing woes,Our broker recommended tem and it has been solid.,No
TP-801,2025-07-04,Paula,2,Slow support,Our broker recommended tem and it has been solid.,No
TP-1038,2025-07-06,Anita,5,Refreshing energy supplier,Switched our sites and the savings matched the quote.,No
TP-860,2025-01-15,Grace from Riverbank Maltings,1,Great for our sites,Left after our contract ended - renewal offer was late.,Yes
TP-1302,2025-04-14,Oliver Lowther,2,Slow support,Support took days to reply.,No
TP-1300,2026-01-31,Marcus,3,Brilliant onboarding,Quote was cheaper than the incumbent by some way.,No
TP-1356,2025-07-10,Oliver Bluewater,5,Billing woes,Portal needs work but the pricing is honest.,No
TP-1072,2025-10-19,Tara from Umberside Aggregates Co,5,Billing woes,"Renewal was painless, rate came in lower.",No
TP-826,2025-10-29,Paula from Bramble Bookbinders Partners,4,Genuinely cheaper,Switched our sites and the savings matched the quote.,Yes
TP-991,2025-11-24,Marcus from Orchard Kennels,3,Transparent pricing,Portal needs work but the pricing is honest.,No
TP-1211,2026-08-12,Anita from Cedar Retail,5,Mixed experience,Our broker recommended tem and it has been solid.,No
TP-1210,2025-06-09,Anita,5,Genuinely cheaper,"Renewal was painless, rate came in lower.",No
TP-1057,2026-02-01,Kirsty Torque,2,Billing woes,Portal needs work but the pricing is honest.,No
TP-1157,2026-08-27,Tom from Lighthouse Robotics,4,Genuinely cheaper,Switched our sites and the savings matched the quote.,No
TP-1218,2026-04-24,Ryan Pemberley,2,Refreshing energy supplier,Support took days to reply.,No
TP-1081,2025-03-28,Oliver Ullswater,2,Brilliant onboarding,Switched our sites and the savings matched the quote.,No
TP-1034,2026-05-01,Marcus,4,Billing woes,Left after our contract ended - renewal offer was late.,Yes
TP-1106,2026-01-21,Callum from Thackery Marine Group,3,Brilliant onboarding,Our broker recommended tem and it has been solid.,Yes
TP-1044,2025-08-13,Fatima Maplin,2,Great for our sites,Portal needs work but the pricing is honest.,No
TP-1243,2025-01-19,Tara Ellerton,4,Transparent pricing,Our broker recommended tem and it has been solid.,No
TP-1216,2025-02-25,Aisha from Umberside Coachworks,2,Mixed experience,Our broker recommended tem and it has been solid.,Yes
TP-904,2025-01-09,Amber Farrier,4,Avoid,Our broker recommended tem and it has been solid.,Yes
TP-1354,2026-06-09,Daniel from Selworthy Fabrications,3,Great for our sites,Portal needs work but the pricing is honest.,Yes
TP-854,2026-08-30,Chloe,4,Genuinely cheaper,Portal needs work but the pricing is honest.,No
TP-1179,2025-05-18,Chloe Garwood,5,Genuinely cheaper,Left after our contract ended - renewal offer was late.,No
TP-1223,2026-01-14,Gareth from Ingleby Aggregates Holdings,3,Great for our sites,Quote was cheaper than the incumbent by some way.,No
TP-1292,2025-09-28,Kirsty Summerton,5,Avoid,Portal needs work but the pricing is honest.,No
TP-1344,2025-07-06,Ryan Cranleigh,3,Mixed experience,Left after our contract ended - renewal offer was late.,No
TP-974,2025-09-15,James from Cobalt Marine Group,2,Avoid,Had a billing dispute that dragged on for weeks.,No
TP-1280,2026-01-04,Jack Kestrel,1,Great for our sites,Portal needs work but the pricing is honest.,Yes
TP-1130,2025-07-15,Daniel Larkspur,5,Transparent pricing,Portal needs work but the pricing is honest.,No
TP-966,2025-01-20,Kirsty from Orchard Restaurants,2,Transparent pricing,Had a billing dispute that dragged on for weeks.,No
TP-957,2026-08-09,Ryan,2,Genuinely cheaper,Quote was cheaper than the incumbent by some way.,No
TP-963,2025-05-03,Ryan Quayside,3,Refreshing energy supplier,Support took days to reply.,No
TP-899,2025-03-31,Freya,3,Avoid,Quote was cheaper than the incumbent by some way.,Yes
TP-882,2025-11-10,Peter from Quayside Data Rooms & Sons,5,Billing woes,Support took days to reply.,No
TP-841,2025-10-26,Noel Ivybridge,2,Genuinely cheaper,Support took days to reply.,No
TP-907,2026-05-19,Daniel,5,Mixed experience,Portal needs work but the pricing is honest.,Yes
TP-1109,2026-06-29,Amber,4,Mixed experience,Quote was cheaper than the incumbent by some way.,No
TP-1305,2026-08-06,Ewan,3,Great for our sites,Quote was cheaper than the incumbent by some way.,No
TP-1040,2025-11-30,Peter Hollybush,1,Avoid,Switched our sites and the savings matched the quote.,No
TP-1101,2026-01-04,Kirsty Riverbank,3,Avoid,"Renewal was painless, rate came in lower.",Yes
TP-875,2026-07-04,Grace,3,Transparent pricing,Portal needs work but the pricing is honest.,No
TP-1287,2025-06-03,Zara Langmere,3,Transparent pricing,Our broker recommended tem and it has been solid.,No
TP-1160,2026-08-17,Iona Quenington,5,Great for our sites,Support took days to reply.,No
TP-1248,2025-07-05,Fatima Tredegar,4,Brilliant onboarding,Portal needs work but the pricing is honest.,No
TP-1090,2026-04-08,Freya from Birchmoor Padel,5,Great for our sites,Switched our sites and the savings matched the quote.,No
TP-1265,2026-08-09,Nia,5,Genuinely cheaper,Switched our sites and the savings matched the quote.,No
TP-965,2025-11-09,Marcus Jarrow,5,Great for our sites,Support took days to reply.,No
TP-1084,2026-01-12,Ben from Ottershaw Farm Foods Holdings,4,Billing woes,Quote was cheaper than the incumbent by some way.,Yes
TP-858,2025-11-26,Lucy,4,Slow support,Quote was cheaper than the incumbent by some way.,No
TP-1228,2026-01-11,Nadia Hatherley,1,Slow support,Portal needs work but the pricing is honest.,Yes
TP-902,2025-12-21,Ewan Yarrow,2,Refreshing energy supplier,Support took days to reply.,No
TP-1165,2026-07-03,Grace from Millpond Catering,4,Great for our sites,Left after our contract ended - renewal offer was late.,No
TP-1128,2025-12-10,Stefan Merrivale,3,Refreshing energy supplier,Support took days to reply.,No
TP-1219,2025-10-14,Nia from Ravenscar Packaging,3,Genuinely cheaper,Our broker recommended tem and it has been solid.,No
TP-985,2025-12-16,Gareth Lighthouse,5,Refreshing energy supplier,Portal needs work but the pricing is honest.,Yes
TP-1291,2025-11-15,Grace from Thackery Chandlery Holdings,4,Genuinely cheaper,Support took days to reply.,No
TP-1242,2025-04-30,Tom Selworthy,3,Avoid,Portal needs work but the pricing is honest.,Yes
TP-1222,2025-05-04,Emily,5,Brilliant onboarding,Support took days to reply.,No
TP-920,2026-02-23,Paula Birchmoor,2,Avoid,Support took days to reply.,Yes
TP-1104,2025-01-15,Dev,5,Billing woes,Portal needs work but the pricing is honest.,No
TP-856,2026-01-07,Marcus from Zetland Cinemas,5,Genuinely cheaper,Quote was cheaper than the incumbent by some way.,No
TP-869,2025-12-15,Lewis Zephyr,2,Genuinely cheaper,Switched our sites and the savings matched the quote.,No
TP-1310,2026-08-09,Priya,3,Great for our sites,Quote was cheaper than the incumbent by some way.,Yes
TP-947,2026-02-15,Noel Applegarth,1,Transparent pricing,Support took days to reply.,Yes
TP-1199,2025-11-20,Tara Elmwood,5,Brilliant onboarding,Switched our sites and the savings matched the quote.,No
TP-998,2025-05-19,Fatima,4,Genuinely cheaper,Left after our contract ended - renewal offer was late.,Yes
TP-1047,2026-04-14,Oliver,4,Genuinely cheaper,Left after our contract ended - renewal offer was late.,Yes
TP-1186,2025-12-08,Rhys from Umberside Textiles,2,Transparent pricing,"Renewal was painless, rate came in lower.",Yes
TP-1332,2026-03-29,Lewis,5,Brilliant onboarding,Portal needs work but the pricing is honest.,No
TP-948,2026-05-10,Zara,4,Brilliant onboarding,Switched our sites and the savings matched the quote.,No
TP-1058,2026-05-13,Kirsty Ashcombe,4,Refreshing energy supplier,Switched our sites and the savings matched the quote.,Yes
TP-1234,2025-02-25,Megan,5,Mixed experience,Portal needs work but the pricing is honest.,No
TP-1215,2026-01-09,Chloe,3,Refreshing energy supplier,Had a billing dispute that dragged on for weeks.,Yes
TP-879,2025-11-07,Sarah from Hollybush Glassworks & Sons,2,Avoid,Left after our contract ended - renewal offer was late.,No
TP-853,2025-08-07,Freya Orchard,4,Refreshing energy supplier,Quote was cheaper than the incumbent by some way.,Yes
TP-824,2025-01-19,Stefan Thackery,3,Brilliant onboarding,Left after our contract ended - renewal offer was late.,No
TP-1181,2025-12-12,Zara Padstow,5,Great for our sites,Quote was cheaper than the incumbent by some way.,No
TP-1135,2025-09-12,Lucy,3,Great for our sites,Support took days to reply.,No
TP-984,2025-06-28,Ryan,5,Slow support,Support took days to reply.,Yes
TP-1343,2026-06-17,Nadia from Rosedale Recycling (UK),2,Brilliant onboarding,Quote was cheaper than the incumbent by some way.,Yes
TP-1122,2026-01-09,Megan,1,Great for our sites,Quote was cheaper than the incumbent by some way.,No
TP-1124,2025-12-24,Peter,3,Billing woes,Switched our sites and the savings matched the quote.,Yes
TP-1232,2026-08-02,Rhys Jespersen,3,Refreshing energy supplier,Left after our contract ended - renewal offer was late.,No
TP-983,2026-01-19,Lewis from Ullswater Laundry,5,Mixed experience,"Renewal was painless, rate came in lower.",Yes
TP-1351,2026-03-21,Fatima Millpond,1,Slow support,"Renewal was painless, rate came in lower.",No
TP-1049,2025-02-01,Ben,3,Refreshing energy supplier,Our broker recommended tem and it has been solid.,No
TP-894,2026-06-25,Daniel,2,Mixed experience,Portal needs work but the pricing is honest.,Yes
TP-1229,2025-12-22,Stefan,5,Avoid,Our broker recommended tem and it has been solid.,No
TP-873,2026-07-01,Zara from Quenington Glassworks,4,Billing woes,Support took days to reply.,Yes
TP-1055,2025-06-05,Anita from Rosedale Cold Storage Group,4,Slow support,Quote was cheaper than the incumbent by some way.,No
TP-1152,2026-05-31,Stefan Lighthouse,2,Transparent pricing,Portal needs work but the pricing is honest.,Yes
TP-889,2026-03-30,Holly from Umberside Farm Foods Holdings,5,Billing woes,Support took days to reply.,No
TP-1296,2025-07-11,Iona Cedar,3,Genuinely cheaper,Switched our sites and the savings matched the quote.,Yes
TP-1054,2025-07-03,Fatima from Fernhill Seafoods,2,Transparent pricing,Portal needs work but the pricing is honest.,Yes
TP-937,2026-07-18,Ewan Caldwell,1,Transparent pricing,Had a billing dispute that dragged on for weeks.,No
TP-1198,2025-09-24,Aisha Larkspur,5,Billing woes,"Renewal was painless, rate came in lower.",No
TP-1250,2025-07-10,Jack from Cedar Textiles Group,3,Slow support,Quote was cheaper than the incumbent by some way.,No
TP-863,2025-02-21,Jack from Tredegar Veterinary Co,3,Genuinely cheaper,Left after our contract ended - renewal offer was late.,No
TP-1102,2025-06-27,Craig from Denholm Farm Foods (UK),4,Billing woes,Our broker recommended tem and it has been solid.,No
TP-846,2026-05-05,Anita,4,Transparent pricing,Had a billing dispute that dragged on for weeks.,Yes
TP-1007,2025-01-22,Sarah,2,Transparent pricing,Had a billing dispute that dragged on for weeks.,No
TP-1195,2025-12-18,Holly,5,Billing woes,Switched our sites and the savings matched the quote.,Yes
TP-1017,2026-07-09,Nia Bluewater,4,Brilliant onboarding,Support took days to reply.,Yes
TP-1221,2025-02-05,Tara from Ivybridge Data Rooms,2,Transparent pricing,"Renewal was painless, rate came in lower.",No
TP-1064,2025-08-04,Oliver from Redwing Galvanising,3,Transparent pricing,"Renewal was painless, rate came in lower.",No
TP-1188,2025-08-02,Kirsty from Lighthouse Hotels & Sons,4,Avoid,"Renewal was painless, rate came in lower.",No
TP-1312,2025-09-06,Freya Northgate,3,Refreshing energy supplier,Quote was cheaper than the incumbent by some way.,Yes
TP-1170,2025-08-11,Emily from Maplin Roofing,3,Slow support,Quote was cheaper than the incumbent by some way.,No
TP-923,2025-04-22,Amber from Umberside Cold Storage Co,4,Great for our sites,Portal needs work but the pricing is honest.,No
TP-1074,2026-07-14,Daniel from Ironbridge Packaging,1,Refreshing energy supplier,Portal needs work but the pricing is honest.,No
TP-1311,2025-01-11,Ryan Maplin,1,Avoid,Our broker recommended tem and it has been solid.,Yes
TP-871,2025-10-22,Paula,2,Refreshing energy supplier,Support took days to reply.,Yes
TP-898,2026-07-14,Gareth,5,Great for our sites,Portal needs work but the pricing is honest.,Yes
TP-1045,2025-04-28,James from Pemberley Joinery,3,Avoid,Quote was cheaper than the incumbent by some way.,No
TP-850,2025-06-22,Stefan,5,Transparent pricing,Support took days to reply.,No
TP-929,2025-09-07,Anita Orchard,3,Brilliant onboarding,Switched our sites and the savings matched the quote.,Yes
TP-804,2026-06-28,Craig Ashcombe,2,Great for our sites,Quote was cheaper than the incumbent by some way.,No
TP-1137,2026-08-24,Noel,5,Billing woes,Left after our contract ended - renewal offer was late.,No
TP-1155,2025-10-03,Jack,5,Refreshing energy supplier,Quote was cheaper than the incumbent by some way.,No
TP-1324,2026-06-19,Chloe,4,Avoid,"Renewal was painless, rate came in lower.",No
TP-1143,2025-10-14,Ryan from Maplin Bookbinders,3,Great for our sites,Left after our contract ended - renewal offer was late.,No
TP-930,2025-08-26,Marcus,3,Genuinely cheaper,Switched our sites and the savings matched the quote.,No
TP-1133,2025-09-02,Grace,3,Genuinely cheaper,Quote was cheaper than the incumbent by some way.,No
TP-1306,2025-10-16,Fatima from Larkspur Cold Storage,1,Billing woes,Our broker recommended tem and it has been solid.,No
TP-890,2025-05-24,Peter Wrenfield,5,Transparent pricing,Switched our sites and the savings matched the quote.,Yes
TP-1279,2025-05-02,Amber,4,Transparent pricing,Support took days to reply.,No
TP-1112,2026-07-05,Amber,5,Mixed experience,Support took days to reply.,Yes
TP-1339,2026-03-31,Ben,2,Great for our sites,Left after our contract ended - renewal offer was late.,No
TP-1085,2026-06-16,Lucy,4,Mixed experience,Left after our contract ended - renewal offer was late.,Yes
TP-1267,2025-07-30,Amber,5,Great for our sites,Had a billing dispute that dragged on for weeks.,Yes
TP-837,2025-06-22,Tom Zetland,5,Avoid,Our broker recommended tem and it has been solid.,Yes
TP-1110,2025-06-09,Tom from Atlas Bakehouse,2,Transparent pricing,Had a billing dispute that dragged on for weeks.,No
TP-818,2025-06-01,Chloe from Kingsmead Cold Storage,4,Refreshing energy supplier,Portal needs work but the pricing is honest.,No
TP-1027,2026-04-01,Emily from Caldwell Milling Partners,1,Slow support,Had a billing dispute that dragged on for weeks.,No
TP-816,2026-04-03,Fatima from Saltmarsh Nurseries Partners,2,Genuinely cheaper,Had a billing dispute that dragged on for weeks.,Yes
TP-942,2025-06-05,Sarah,2,Transparent pricing,Switched our sites and the savings matched the quote.,No
TP-1029,2026-03-13,Ewan Merrivale,3,Transparent pricing,Quote was cheaper than the incumbent by some way.,No
TP-865,2026-07-12,Craig Quayside,1,Brilliant onboarding,"Renewal was painless, rate came in lower.",Yes
TP-1066,2025-11-14,Ryan Exmoor,4,Great for our sites,"Renewal was painless, rate came in lower.",Yes
TP-1163,2026-05-18,James from Harborne Optics Group,4,Mixed experience,Support took days to reply.,No
TP-1172,2025-03-01,Sanjay Ashcombe,2,Genuinely cheaper,"Renewal was painless, rate came in lower.",No
TP-945,2025-12-26,Noel from Westcliff Gym Partners,5,Billing woes,Left after our contract ended - renewal offer was late.,No
TP-836,2026-07-03,Oliver from Lowther Restaurants (UK),5,Avoid,Support took days to reply.,Yes
TP-1357,2025-11-15,Noel from Umberside Engineering Holdings,5,Billing woes,Had a billing dispute that dragged on for weeks.,No
TP-1282,2026-01-01,Nadia,4,Mixed experience,Portal needs work but the pricing is honest.,Yes
TP-838,2026-02-22,Tara,5,Refreshing energy supplier,Switched our sites and the savings matched the quote.,Yes
TP-819,2026-06-01,Sarah,5,Avoid,Switched our sites and the savings matched the quote.,No
TP-1288,2025-04-12,Nadia Northgate,4,Brilliant onboarding,Left after our contract ended - renewal offer was late.,Yes
TP-1266,2025-04-15,Daniel from Tanfield Motors Partners,2,Great for our sites,Left after our contract ended - renewal offer was late.,Yes
TP-1321,2026-02-06,Rhys,4,Refreshing energy supplier,Switched our sites and the savings matched the quote.,Yes
TP-1088,2025-12-21,Noel,2,Great for our sites,Quote was cheaper than the incumbent by some way.,Yes
TP-1205,2025-03-16,Freya Verity,5,Mixed experience,Left after our contract ended - renewal offer was late.,No
TP-1283,2026-08-27,Callum,1,Great for our sites,Our broker recommended tem and it has been solid.,No
TP-1317,2025-09-15,Emily,3,Mixed experience,"Renewal was painless, rate came in lower.",No
TP-968,2026-02-10,Sanjay,2,Avoid,Our broker recommended tem and it has been solid.,Yes
TP-944,2026-08-16,James,3,Genuinely cheaper,Quote was cheaper than the incumbent by some way.,No
TP-950,2026-05-07,Aisha from Yewtree Nurseries (UK),5,Refreshing energy supplier,Our broker recommended tem and it has been solid.,No
TP-1196,2026-01-02,Anita,2,Genuinely cheaper,Quote was cheaper than the incumbent by some way.,No
TP-1111,2026-05-23,Aisha Verity,4,Billing woes,Support took days to reply.,Yes
TP-1149,2026-01-23,Sarah from Denholm Tanning,1,Slow support,Portal needs work but the pricing is honest.,Yes
TP-1342,2025-06-24,Iona from Rosedale Coachworks & Sons,5,Billing woes,Left after our contract ended - renewal offer was late.,Yes
TP-1166,2025-05-18,Ryan from Selworthy Restaurants Group,3,Mixed experience,Left after our contract ended - renewal offer was late.,No
TP-1006,2026-05-11,Freya,3,Billing woes,Quote was cheaper than the incumbent by some way.,No
TP-918,2025-01-12,Zara from Quenington Glassworks Co,5,Avoid,Quote was cheaper than the incumbent by some way.,No
TP-1315,2025-07-16,Fatima Ravenscar,4,Brilliant onboarding,Quote was cheaper than the incumbent by some way.,No
TP-1230,2025-04-15,Anita Kestrel,3,Refreshing energy supplier,"Renewal was painless, rate came in lower.",No
TP-807,2026-05-12,Aisha from Kelbrook Cold Storage,4,Brilliant onboarding,Switched our sites and the savings matched the quote.,No
TP-1301,2025-03-29,Amber,3,Mixed experience,"Renewal was painless, rate came in lower.",Yes
TP-1069,2025-04-11,Lucy Millpond,4,Slow support,Our broker recommended tem and it has been solid.,Yes
TP-1278,2025-03-26,Ben from Atlas Roofing,3,Great for our sites,Switched our sites and the savings matched the quote.,No
TP-949,2025-01-27,Ben from Silverbeck Garden,2,Refreshing energy supplier,Had a billing dispute that dragged on for weeks.,No
TP-1115,2026-06-01,Nia Yewtree,5,Genuinely cheaper,Portal needs work but the pricing is honest.,Yes
TP-893,2025-10-16,James from Silverbeck Marine Partners,4,Billing woes,Our broker recommended tem and it has been solid.,No
TP-1307,2026-08-03,Lewis Caldwell,5,Brilliant onboarding,Our broker recommended tem and it has been solid.,Yes
TP-897,2025-03-09,Callum from Pennine Pharmacy,5,Great for our sites,Our broker recommended tem and it has been solid.,No
TP-1159,2026-03-19,Grace,5,Great for our sites,Support took days to reply.,Yes
TP-1329,2025-05-27,Grace Zephyr,3,Slow support,Our broker recommended tem and it has been solid.,Yes
TP-1203,2026-08-20,Jack Quarrington,5,Avoid,Switched our sites and the savings matched the quote.,No
TP-905,2025-04-08,Peter,4,Refreshing energy supplier,"Renewal was painless, rate came in lower.",Yes
TP-1161,2026-06-23,Stefan,1,Brilliant onboarding,"Renewal was painless, rate came in lower.",No
TP-915,2025-08-28,Freya from Norbury Nurseries,2,Brilliant onboarding,Support took days to reply.,No
TP-938,2025-06-02,Megan from Lighthouse Gym,5,Slow support,Support took days to reply.,No
TP-835,2026-03-06,Dev Whitethorn,5,Great for our sites,Quote was cheaper than the incumbent by some way.,No
TP-1060,2026-08-04,Omar,4,Genuinely cheaper,"Renewal was painless, rate came in lower.",No
TP-1171,2025-08-04,Chloe,5,Brilliant onboarding,Quote was cheaper than the incumbent by some way.,No
TP-859,2026-01-20,Amber,3,Avoid,Switched our sites and the savings matched the quote.,No
TP-1046,2026-01-06,Dev from Umberside Pharmacy Holdings,3,Refreshing energy supplier,Support took days to reply.,No
TP-1125,2026-07-21,Tom Norbury,2,Billing woes,Switched our sites and the savings matched the quote.,No
TP-940,2025-04-06,Sanjay,5,Genuinely cheaper,Had a billing dispute that dragged on for weeks.,No
TP-978,2026-01-30,Tom,4,Slow support,Portal needs work but the pricing is honest.,Yes
TP-1019,2025-05-25,Oliver from Quarrington Retail,5,Refreshing energy supplier,Had a billing dispute that dragged on for weeks.,No
TP-1206,2025-09-17,Zara from Ingleby Catering (UK),2,Avoid,Quote was cheaper than the incumbent by some way.,No
TP-943,2025-07-16,Craig from Lighthouse Ice Cream Holdings,5,Refreshing energy supplier,"Renewal was painless, rate came in lower.",Yes
TP-1284,2026-08-10,Rhys,2,Great for our sites,Quote was cheaper than the incumbent by some way.,No
TP-1073,2026-04-21,Zara from Hatherley Upholstery,5,Refreshing energy supplier,"Renewal was painless, rate came in lower.",No
TP-1262,2026-06-18,Ben Exmoor,2,Mixed experience,"Renewal was painless, rate came in lower.",No
TP-1042,2025-05-30,Nadia from Quenington Seafoods Holdings,4,Great for our sites,Portal needs work but the pricing is honest.,No
TP-1355,2026-08-07,Grace from Tredegar Robotics,4,Great for our sites,Quote was cheaper than the incumbent by some way.,No
TP-872,2025-06-21,Priya,3,Transparent pricing,Switched our sites and the savings matched the quote.,Yes
TP-1146,2025-09-28,Lewis Jarrow,2,Refreshing energy supplier,Our broker recommended tem and it has been solid.,Yes
TP-1353,2025-03-03,Marcus Atlas,5,Brilliant onboarding,Our broker recommended tem and it has been solid.,No
TP-933,2025-01-21,Emily from Ullswater Ice Cream,4,Avoid,"Renewal was painless, rate came in lower.",Yes
TP-828,2025-01-20,Anita from Orchard Forge,2,Slow support,Switched our sites and the savings matched the quote.,No
TP-1322,2026-02-13,Freya from Cedar Gym & Sons,4,Genuinely cheaper,Left after our contract ended - renewal offer was late.,No
TP-932,2026-05-20,Stefan from Cobalt Hotels & Sons,2,Brilliant onboarding,Quote was cheaper than the incumbent by some way.,No
TP-1116,2025-01-31,Rhys,4,Slow support,Support took days to reply.,No
TP-1244,2026-08-29,Noel Kingsmead,3,Brilliant onboarding,Had a billing dispute that dragged on for weeks.,Yes
TP-906,2025-04-18,Stefan Cedar,4,Avoid,Switched our sites and the savings matched the quote.,No
TP-1117,2026-01-27,Megan from Farrier Laundry,2,Genuinely cheaper,Switched our sites and the savings matched the quote.,Yes
TP-1176,2026-06-14,Amber,1,Great for our sites,Quote was cheaper than the incumbent by some way.,No
TP-1030,2026-02-27,Sanjay,5,Slow support,Left after our contract ended - renewal offer was late.,No
TP-1182,2025-12-04,Nadia Jespersen,2,Brilliant onboarding,Left after our contract ended - renewal offer was late.,No
TP-829,2025-04-20,Grace Ashcombe,3,Genuinely cheaper,Had a billing dispute that dragged on for weeks.,Yes
TP-874,2026-06-04,Aisha Eastbrook,3,Mixed experience,Left after our contract ended - renewal offer was late.,No
TP-1011,2026-08-28,Fatima from Applegarth Salvage,2,Brilliant onboarding,Our broker recommended tem and it has been solid.,No
TP-1148,2025-01-23,Chloe Nettlebed,5,Great for our sites,Support took days to reply.,No
TP-917,2026-02-11,Sanjay from Northgate Nurseries Group,5,Billing woes,Had a billing dispute that dragged on for weeks.,No
TP-1268,2025-12-17,Anita Maplin,5,Transparent pricing,Left after our contract ended - renewal offer was late.,No
TP-1129,2025-11-17,Priya,2,Transparent pricing,Had a billing dispute that dragged on for weeks.,No
TP-1099,2026-08-05,Amber from Zephyr Dairy Holdings,4,Refreshing energy supplier,Had a billing dispute that dragged on for weeks.,Yes
TP-1010,2025-12-04,Marcus,5,Billing woes,Our broker recommended tem and it has been solid.,No
TP-852,2025-07-11,Anita Verity,5,Genuinely cheaper,"Renewal was painless, rate came in lower.",No
TP-880,2025-06-13,Stefan,4,Great for our sites,Support took days to reply.,Yes
TP-1237,2025-12-08,Callum from Summerton Retail,2,Transparent pricing,Left after our contract ended - renewal offer was late.,No
TP-1051,2025-10-01,Lewis,5,Mixed experience,Our broker recommended tem and it has been solid.,No
TP-1350,2026-03-06,Gareth from Wrenfield Engineering,4,Mixed experience,Switched our sites and the savings matched the quote.,No
TP-1256,2025-02-27,Ben,2,Brilliant onboarding,Left after our contract ended - renewal offer was late.,Yes
TP-861,2025-02-26,Aisha,4,Brilliant onboarding,Portal needs work but the pricing is honest.,Yes
TP-976,2025-04-10,Jack from Larkspur Precision,3,Transparent pricing,Portal needs work but the pricing is honest.,No
TP-845,2026-08-12,James Cedar,3,Transparent pricing,Had a billing dispute that dragged on for weeks.,Yes
TP-1093,2026-03-05,Callum Silverbeck,5,Avoid,Left after our contract ended - renewal offer was late.,No
TP-1185,2025-04-05,Emily Rosedale,3,Great for our sites,Our broker recommended tem and it has been solid.,No
TP-1175,2025-12-08,Gareth from Denholm Pharmacy,5,Great for our sites,Quote was cheaper than the incumbent by some way.,No
TP-1217,2025-06-11,Priya from Lighthouse Milling Group,5,Avoid,Portal needs work but the pricing is honest.,No
TP-851,2025-12-10,Noel from Kestrel Aquatics Partners,2,Mixed experience,Our broker recommended tem and it has been solid.,No
TP-931,2025-12-24,Tara,5,Transparent pricing,Quote was cheaper than the incumbent by some way.,No
TP-868,2026-05-26,Priya Stanhope,4,Billing woes,Switched our sites and the savings matched the quote.,No
TP-1033,2026-08-23,Omar,3,Billing woes,Switched our sites and the savings matched the quote.,Yes
TP-997,2025-03-24,Ryan Jespersen,1,Genuinely cheaper,Our broker recommended tem and it has been solid.,No
TP-1290,2025-10-09,Grace from Riverbank Distillery Holdings,5,Great for our sites,Switched our sites and the savings matched the quote.,Yes
TP-888,2026-02-10,Amber from Dunmore Roofing & Sons,5,Mixed experience,Portal needs work but the pricing is honest.,No
TP-884,2025-02-07,Iona,4,Avoid,"Renewal was painless, rate came in lower.",No
TP-1026,2026-05-31,Kirsty,3,Mixed experience,Quote was cheaper than the incumbent by some way.,No
TP-990,2026-08-24,Holly,5,Mixed experience,Support took days to reply.,Yes
TP-995,2026-03-21,James,3,Refreshing energy supplier,Portal needs work but the pricing is honest.,No
TP-1269,2025-04-30,Tom from Tanfield Data Rooms,2,Avoid,Switched our sites and the savings matched the quote.,No
TP-1132,2026-03-11,Sarah Summerton,4,Mixed experience,Left after our contract ended - renewal offer was late.,No
TP-912,2025-09-06,Fatima Norbury,3,Mixed experience,Our broker recommended tem and it has been solid.,No
TP-1275,2025-09-06,Peter,5,Transparent pricing,Our broker recommended tem and it has been solid.,Yes
TP-1263,2025-07-17,Kirsty from Thackery Roofing Group,5,Refreshing energy supplier,Support took days to reply.,Yes
TP-817,2025-04-16,Omar,3,Mixed experience,Portal needs work but the pricing is honest.,No
TP-900,2026-07-31,Sarah from Northgate Distillery Holdings,2,Avoid,"Renewal was painless, rate came in lower.",Yes
TP-1080,2026-04-07,Gareth from Selworthy Motors (UK),3,Refreshing energy supplier,Our broker recommended tem and it has been solid.,Yes
TP-1227,2025-09-02,Nadia Foxglove,4,Refreshing energy supplier,Had a billing dispute that dragged on for weeks.,No
TP-1303,2026-07-03,Rhys from Denholm Upholstery,5,Great for our sites,Switched our sites and the savings matched the quote.,No
TP-910,2025-08-20,Tom,5,Brilliant onboarding,Had a billing dispute that dragged on for weeks.,No
TP-1000,2025-02-26,Stefan Dunmore,4,Refreshing energy supplier,Support took days to reply.,No
TP-1139,2025-12-25,Grace,4,Genuinely cheaper,Support took days to reply.,No
TP-1260,2025-08-11,James,2,Transparent pricing,Support took days to reply.,No
TP-935,2026-03-02,Noel from Pemberley Upholstery Holdings,4,Billing woes,Switched our sites and the savings matched the quote.,No
TP-866,2026-03-29,Nadia from Fernhill Cinemas,4,Billing woes,Support took days to reply.,No
TP-934,2026-04-18,Craig from Lowther Motors,4,Transparent pricing,Quote was cheaper than the incumbent by some way.,No
TP-895,2025-06-19,Anita Silverbeck,4,Great for our sites,Left after our contract ended - renewal offer was late.,Yes
TP-831,2026-03-10,James,4,Refreshing energy supplier,Our broker recommended tem and it has been solid.,No
